Table S3: Candidate gene fusions detected by RNAseq for study cohort.,,,,,,,,,
,,,,,,,,,
SampleID,gene1,chrom1,pos1,gene2,chrom2,pos2,# breakpoint spanning reads,# spanning mate pairs,# # spanning mate pairs where 1 end spans breakpoint
LTS-035_T,ABLIM1,chr10,116405716,TRUB1,chr10,116702501,15,6,5
LTS-035_T,ABLIM1,chr10,116410996,TRUB1,chr10,116702501,41,6,15
LTS-028_FF_T,ADAMTS1,chr21,28214129,ENSG00000223563,chr21,28261762,83,5,28
LTS-024_579-17_T,AGPS,chr2,178310353,ENSG00000116044,chr2,178139623,19,5,18
LTS-024_579-17_T,AGPS,chr2,178310353,NFE2L2,chr2,178098998,97,6,110
LTS-NN5_T,ANKRD13C,chr1,70790535,LRRC40,chr1,70654955,45,4,34
LTS-013_FF_T,ARHGEF12,chr11,120208044,KCNJ5,chr11,128786320,52,6,25
LTS-017_FF_T,ARID1A,chr1,27059282,ENSG00000197223,chr2,68335852,73,3,68
LTS-024_579-17_T,ARNTL2,chr12,27533336,STK38L,chr12,27450642,111,17,29
LTS-015_FF_T,ASNA1,chr19,12849471,SLC37A1,chr21,43950605,35,4,15
LTS-006_1774-30_T,ATP2B1,chr12,89992866,C12orf79,chr12,92511695,219,20,131
LTS-034_T,ATP2B4,chr1,203596346,PRELP,chr1,203452296,82,4,7
LTS-006_1774-30_T,AZIN1,chr8,103870240,ENSG00000253320,chr8,103899374,86,12,43
LTS-035_T,BACH1,chr21,30702013,GRIK1,chr21,30969889,12,4,13
LTS-026_FF_T,BOC,chr3,112945246,BCAT1,chr12,24995015,113,3,53
LTS-017_FF_T,BRIX1,chr5,34919987,RAI14,chr5,34829836,99,5,50
LTS-001_1068-4_T,C7orf43,chr7,99754008,GAL3ST4,chr7,99758581,137,125,41
LTS-034_T,CALU,chr7,128399905,LRRC48,chr17,17892905,20,8,20
LTS-NN5_T,CD9,chr12,6309730,PLEKHG6,chr12,6421324,33,5,27
LTS-NN1_T,CDH13,chr16,83679599,PTBP1,chr19,801481,18,6,10
LTS-024_579-17_T,CDON,chr11,125848198,ST3GAL4,chr11,126246824,255,31,65
LTS-006_1774-30_T,CFAP36,chr2,55747812,KCTD1,chr18,24223162,243,59,170
LTS-026_FF_T,COL14A1,chr8,121137578,DEPTOR,chr8,120977471,67,6,42
LTS-019_FF_T,CPNE2,chr16,57161814,TOR1AIP2,chr1,179834988,66,9,42
LTS-014_FF_T,DENND5B,chr12,31632522,LOC100506371,chr17,36906,85,9,25
LTS-013_FF_T,DEPDC1B,chr5,59982788,CNGB3,chr8,87683325,36,4,15
LTS-001_1068-4_T,DIRC3,chr2,218290024,BBS5,chr2,170360812,32,3,10
LTS-014_FF_T,DLEU1,chr13,51007685,DLEU7,chr13,51331898,14,4,7
LTS-032_T,DLEU1,chr13,51007685,DLEU7,chr13,51331898,17,5,12
LTS-033_T,DLEU1,chr13,51007685,ENSG00000186047,chr13,51286673,12,4,8
LTS-025_747-29_T,DMTF1,chr7,86802964,KCND2,chr7,120286682,186,36,207
LTS-017_FF_T,EHF,chr11,34642774,MUM1,chr19,1360134,78,3,33
LTS-NN5_T,EIF5B,chr2,99975304,DCBLD2,chr3,98600383,79,21,74
LTS-005_1222-14_T,ENSG00000134644,chr1,31538462,NKAIN1,chr1,31661033,592,3,3
LTS_NN3_T,ENSG00000145781,chr5,115639379,COMMD10,chr5,115627213,12,12,4
LTS-003_1136-31_T,ENSG00000171766,chr15,45671642,SQRDL,chr15,45954322,32,4,5
LTS-018_FF_T,ENSG00000181938,chr16,58356435,CNOT1,chr16,58619241,164,18,101
LTS-018_FF_T,ENSG00000181938,chr16,58356513,CNOT1,chr16,58619241,22,18,33
LTS-005_1222-14_T,ENSG00000187134,chr10,4975521,AKR1E2,chr10,4872866,26,3,12
LTS-032_T,ENSG00000212127,chr12,11126253,PRH1-PRR4,chr12,11001005,54,6,32
LTS-014_FF_T,ENSG00000237978,chr3,178244412,KCNMB2,chr3,178466191,25,3,12
LTS-028_FF_T,ENSG00000243176,chr3,156957587,VEPH1,chr3,157098902,13,3,6
LTS_NN3_T,ENSG00000244063,chr2,114588428,LOC101060091,chr2,114589161,33,7,8
LTS-NN1_T,ENSG00000248515,chr4,19535240,MEF2C,chr5,88119743,90,6,30
LTS-032_T,ENSG00000250159,chr5,137194116,KLHL3,chr5,137056272,12,3,10
LTS-032_T,ENSG00000253379,chr8,72439783,EYA1,chr8,72268745,17,5,16
LTS-033_T,ENSG00000267012,chr19,32397454,ZNF420,chr19,37575992,65,3,10
LTS-017_FF_T,ENSG00000268635,chr11,77185713,RSF1,chr11,77394754,132,11,81
LTS-002_788-1_T,ESR1,chr6,152265642,CCDC170,chr6,151907023,35,8,25
LTS-034_T,ESR1,chr6,152332928,CCDC170,chr6,151907023,63,7,23
LTS-019_FF_T,FANCB,chrX,14888278,MOSPD2,chrX,14893914,33,9,1
LTS-001_1068-4_T,FER,chr5,108380495,COMMD10,chr5,115627213,21,3,19
LTS-NN4_T,FNTA,chr8,42927449,RTFDC1,chr20,55088370,43,7,43
LTS-003_1136-31_T,FOXP1,chr3,71542576,EIF4E3,chr3,71759634,96,3,10
LTS-NN1_T,FRAS1,chr4,79327407,LUZP6,chr7,135635346,39,4,20
LTS-NN5_T,FRMD6,chr14,52171652,DPY30,chr2,32264560,22,6,29
LTS-024_579-17_T,GALNT18,chr11,11546101,PARVA,chr11,12540063,138,11,23
LTS-013_FF_T,HHAT,chr1,210753164,RFC4,chr3,186509513,75,6,50
LTS-016_FF_T,HIATL1,chr9,97200809,LOC100132077,chr9,97101117,20,4,10
LTS-035_T,HTATSF1,chrX,135586621,BRS3,chrX,135572291,14,30,8
LTS-032_T,IGF1R,chr15,99482588,LOC101926895,chr15,91256529,55,13,37
LTS-NN5_T,IP6K3,chr6,33714534,SUPT3H,chr6,44929564,21,3,8
LTS-014_FF_T,ITGAV,chr2,187523901,ENSG00000267440,chr17,41769073,41,7,40
LTS-014_FF_T,ITGAV,chr2,187506416,ENSG00000267440,chr17,41757732,45,5,31
LTS-032_T,ITSN2,chr2,24524022,ATAD2B,chr2,24042751,21,3,19
LTS-034_T,JUND,chr19,18391265,LSM4,chr19,18426874,147,3,11
LTS-018_FF_T,KMT2E,chr7,104681469,LHFPL3,chr7,104546633,39,6,16
LTS-035_T,KMT2E,chr7,104681469,LHFPL3,chr7,104546633,203,9,74
LTS-003_1136-31_T,KRIT1,chr7,91842508,ENSG00000244055,chr7,92099921,39,11,9
LTS-NN1_T,LAMA1,chr18,7079973,CCBE1,chr18,57188680,169,21,92
LTS-003_1136-31_T,LINC-PINT,chr7,130630478,CALD1,chr7,134499495,137,4,10
LTS-NN4_T,LOC101927102,chr16,47192783,PHKB,chr16,47694416,18,5,8
LTS-020_FF_T,LOC101927701,chr2,68052620,ENSG00000235495,chr2,67911208,15,6,11
LTS-015_FF_T,LOC101928103,chr2,215698828,ABCA12,chr2,215824540,16,3,6
LTS-NN1_T,LOC101928103,chr2,215698828,ABCA12,chr2,215826533,30,3,19
LTS-006_1774-30_T,LOC101928940,chr11,114246345,RBM7,chr11,114278816,63,7,18
LTS-034_T,LOC283440,chr12,2876446,GRB2,chr17,73389631,61,3,40
LTS-003_1136-31_T,LPPR5,chr1,99448264,SLC35A3,chr1,100480975,44,3,12
LTS-003_1136-31_T,LPPR5,chr1,99448264,SLC35A3,chr1,100483370,58,3,27
LTS-017_FF_T,LRP6,chr12,12397195,MANSC1,chr12,12491493,41,7,9
LTS-020_FF_T,MACC1,chr7,20193815,LOC101927668,chr7,20085183,19,4,6
LTS-035_T,MACF1,chr1,39715774,RBBP5,chr1,205088738,22,3,13
LTS-025_747-29_T,MAPK14,chr6,35996049,MKX,chr10,27964482,30,9,25
LTS-NN4_T,MEF2A,chr15,100215662,TTC23,chr15,99759252,119,7,63
LTS-NN5_T,MSN,chrX,64887719,RGN,chrX,46943816,151,28,81
LTS-015_FF_T,NARS2,chr11,78270584,ENSG00000166748,chr15,86685234,86,4,36
LTS-010_772-33_T,NEK1,chr4,170520250,ENSG00000260658,chr16,63581110,17,3,11
LTS-024_579-17_T,NIPBL,chr5,37038839,SKP2,chr5,36152872,34,9,21
LTS-032_T,NLRP9,chr19,56241194,NLRP5,chr19,56569607,95,4,39
LTS-034_T,NOP2,chr12,6675942,LPCAT3,chr12,7092699,31,4,12
LTS-035_T,NUCKS1,chr1,205688654,CCDC155,chr19,49916224,59,3,39
LTS-032_T,NUP88,chr17,5317328,NLRP1,chr17,5440876,84,14,49
LTS-001_1068-4_T,OIP5-AS1,chr15,41578297,CHP1,chr15,41549107,889,14,277
LTS-002_788-1_T,PAK6,chr15,40512917,BUB1B,chr15,40457253,23,8,6
LTS-024_579-17_T,PARP6,chr15,72553898,HEXA,chr15,72638665,21,10,9
LTS-024_579-17_T,PARP6,chr15,72553898,HEXA,chr15,72639050,86,10,57
LTS-NN1_T,PAX6,chr11,31823164,WT1,chr11,32445192,50,52,6
LTS-NN1_T,PAX6,chr11,31823216,WT1,chr11,32439199,88,52,16
LTS-NN1_T,PAX6,chr11,31823289,WT1,chr11,32439199,51,52,8
LTS-NN1_T,PAX6,chr11,31827949,WT1,chr11,32439199,96,52,29
LTS-024_579-17_T,PDE3A,chr12,20774344,ENSG00000139154,chr12,19803329,106,7,17
LTS-NN5_T,PDK1,chr2,173463879,FCHSD2,chr11,72578909,41,8,29
LTS-018_FF_T,PECAM1,chr17,62400467,MILR1,chr17,62463761,103,16,43
LTS-NN5_T,POT1,chr7,124568868,POT1-AS1,chr7,124660386,25,3,7
LTS-NN1_T,PPP2R3C,chr14,35585815,NFKBIA,chr14,35871868,47,4,5
LTS-003_1136-31_T,PPRC1,chr10,103897396,ITPK1,chr14,93428699,16,4,6
LTS-NN5_T,PRKD2,chr19,47184906,ZFP62,chr5,180278492,31,7,20
LTS-NN5_T,PRKD2,chr19,47184906,ZFP62,chr5,180279059,16,7,13
LTS-018_FF_T,PXDNL,chr8,52697637,PCMTD1,chr8,52773805,29,9,4
LTS-023_FF_T,RALGAPB,chr20,37187095,PCAT19,chr19,41985191,44,6,29
LTS-024_579-17_T,RHOA,chr3,49405860,NICN1,chr3,49463860,94,6,63
LTS-032_T,RRN3P2,chr16,29127646,ENSG00000259807,chr16,29228801,13,3,12
LTS-024_579-17_T,RTFDC1,chr20,55092256,FAM210B,chr20,54940142,106,3,22
LTS-NN1_T,SCAP,chr3,47476497,NELL1,chr11,21581734,26,3,17
LTS-024_579-17_T,SEL1L3,chr4,25834616,MSI2,chr17,55478739,345,3,99
LTS-035_T,SETD2,chr3,47087976,CSPG5,chr3,47610716,74,3,8
LTS-NN5_T,SGPP2,chr2,223389751,FARSB,chr2,223512699,27,3,23
LTS-006_1774-30_T,SHROOM3,chr4,77476915,LDB2,chr4,16597497,62,3,51
LTS-006_1774-30_T,SHROOM3,chr4,77507621,LDB2,chr4,16597497,77,4,65
LTS-005_1222-14_T,SLC1A1,chr9,4541032,SPATA6L,chr9,4635398,11,3,4
LTS-026_FF_T,SPNS2,chr17,4428487,CTNNA2,chr2,80620335,62,3,16
LTS-003_1136-31_T,SQRDL,chr15,45954322,SPATA5L1,chr15,45697517,17,6,4
LTS-NN5_T,SRGAP1,chr12,64521979,RIC8B,chr12,107262492,27,7,16
LTS-003_1136-31_T,STRN3,chr14,31374623,ENSG00000258196,chr14,32022835,54,5,17
LTS-034_T,STYXL1,chr7,75677129,ENSG00000106178,chr7,75443069,16,17,10
LTS-034_T,STYXL1,chr7,75677129,ENSG00000106178,chr7,75443091,66,17,26
LTS-034_T,SWI5,chr9,131050751,SOGA1,chr20,35421651,84,14,61
LTS-013_FF_T,SYT1,chr12,79693330,PIAS1,chr15,68445927,15,4,8
LTS-024_579-17_T,TBK1,chr12,64882367,SRGAP1,chr12,64536074,41,5,21
LTS-034_T,TFG,chr3,100438901,GPR128,chr3,100348441,322,22,111
LTS-035_T,TNS3,chr7,47596634,HUS1,chr7,48008914,68,5,9
LTS-006_1774-30_T,TRAPPC4,chr11,118889679,CCDC84,chr11,118885703,11,193,2
LTS-006_1774-30_T,TRAPPC4,chr11,118890962,CCDC84,chr11,118885703,267,193,59
LTS-NN4_T,TRIQK,chr8,93966633,ENSG00000124157,chr20,43849950,142,8,105
LTS-NN5_T,TSPAN18,chr11,44786061,MPPED2,chr11,30439179,163,6,121
LTS-028_FF_T,USP34,chr2,61528085,XPO1,chr2,61713096,162,7,44
LTS-017_FF_T,USP53,chr4,120161105,SYNPO2,chr4,119938080,19,3,17
LTS-026_FF_T,UTRN,chr6,144898423,AKR1B10,chr7,134215394,448,40,369
LTS-026_FF_T,UTRN,chr6,144981410,AKR1B10,chr7,134215394,11,5,23
LTS-006_1774-30_T,VDAC2,chr10,76982159,ADK,chr10,76349039,964,16,3
LTS-035_T,ZMYND8,chr20,45855945,EYA2,chr20,45811938,258,16,120
LTS-032_T,ZNF121,chr19,9694861,PGLYRP2,chr19,15590245,205,100,69
LTS-032_T,ZNF121,chr19,9694861,ENSG00000161031,chr19,15591061,586,100,225
LTS-024_579-17_T,ZNF180,chr19,44986130,PVRL2,chr19,45372295,23,5,17
LTS-033_T,ZNF410,chr14,74364964,LOC100506476,chr14,74255729,39,3,2